Party,	Years,	Surplus,	Deficit,	Mean.BB.GDP.Percent,	Median.BB.GDP.Percent
Liberal,	16.0054794520548,	9.14520547945206,	6.86027397260274,	-1.6906829448823,	0.0435976657596056
Conservative,	16.9945205479452,	1.85479452054795,	15.1397260273973,	-2.78164211081836,	-2.81945910403378
